Rarity,Card Name,Mana Cost
1 - Common,Alley Invasion,W
1 - Common,Anointed Chorister,W
1 - Common,Arrester's Zeal,W
1 - Common,Battlefield Raptor,W
1 - Common,Beloved Princess,W
1 - Common,Built to Last,W
1 - Common,Cartouche of Solidarity,W
1 - Common,Charge,W
1 - Common,Charmed Stray,W
1 - Common,Cloudshift,W
1 - Common,Codespell Cleric,W
1 - Common,Court Homunculus,W
1 - Common,Defiant Strike,W
1 - Common,Demystify,W
1 - Common,Djeru's Resolve,W
1 - Common,Elite Arrester,W
1 - Common,Encampment Keeper,W
1 - Common,Faerie Guidemother,W
1 - Common,Fan Bearer,W
1 - Common,Fragmentize,W
1 - Common,Garrison Cat,W
1 - Common,Gideon's Sacrifice,W
1 - Common,Glaring Aegis,W
1 - Common,Guiding Voice,W
1 - Common,Healer's Hawk,W
1 - Common,Healing Grace,W
1 - Common,Hunted Witness,W
1 - Common,Karametra's Blessing,W
1 - Common,Kinjalli's Caller,W
1 - Common,Law-Rune Enforcer,W
1 - Common,Light of Hope,W
1 - Common,Moment of Triumph,W
1 - Common,Outflank,W
1 - Common,Pious Wayfarer,W
1 - Common,Practiced Tactics,W
1 - Common,Resolute Strike,W
1 - Common,Righteous Blow,W
1 - Common,Rustwing Falcon,W
1 - Common,Sacred Cat,W
1 - Common,Sanctuary Cat,W
1 - Common,Sea Gate Banneret,W
1 - Common,Sentinel's Eyes,W
1 - Common,Slash of Talons,W
1 - Common,Snubhorn Sentry,W
1 - Common,Solid Footing,W
1 - Common,Soulmender,W
1 - Common,Soul Warden,W
1 - Common,Star Pupil,W
1 - Common,Staunch Shieldmate,W
1 - Common,Tactical Advantage,W
1 - Common,Take Heart,W
1 - Common,Thraben Inspector,W
1 - Common,Tragic Poet,W
1 - Common,Twilight Panther,W
1 - Common,Valor of the Worthy,W
1 - Common,Vampire's Zeal,W
1 - Common,Wings of the Cosmos,W
1 - Common,Yoked Ox,W
1 - Common,Adamant Will,W1
1 - Common,Adherent of Hope,W1
1 - Common,Ageless Guardian,W1
1 - Common,Alpine Watchdog,W1
1 - Common,Angelic Gift,W1
1 - Common,Angelic Page,W1
1 - Common,Anointer Priest,W1
1 - Common,Audacious Infiltrator,W1
1 - Common,Aviary Mechanic,W1
1 - Common,Battlefield Promotion,W1
1 - Common,Beaming Defiance,W1
1 - Common,Benalish Honor Guard,W1
1 - Common,Beskir Shieldmate,W1
1 - Common,Binding Memory,W1
1 - Common,Bishop's Soldier,W1
1 - Common,Calvary Drillmaster,W1
1 - Common,Checkpoint Officer,W1
1 - Common,Cleansing Ray,W1
1 - Common,Cliffhaven Sell-Sword,W1
1 - Common,Compulsory Rest,W1
1 - Common,Concordia Pegasus,W1
1 - Common,Conviction,W1
1 - Common,Countless Gears Renegade,W1
1 - Common,Dauntless Unity,W1
1 - Common,Daybreak Chaplain,W1
1 - Common,Daybreak Charger,W1
1 - Common,Desperate Lunge,W1
1 - Common,Disenchant,W1
1 - Common,Divine Arrow,W1
1 - Common,Drannith Healer,W1
1 - Common,Eager First-Year,W1
1 - Common,Eddytail Hawk,W1
1 - Common,Expidition Healer,W1
1 - Common,Feat of Resistance,W1
1 - Common,Fencing Ace,W1
1 - Common,Flicker of Fate,W1
1 - Common,Flutterfox,W1
1 - Common,Forced Worship,W1
1 - Common,Giant Ox,W1
1 - Common,Gideon's Reproach,W1
1 - Common,Gust Walker,W1
1 - Common,Hero of the Pride,W1
1 - Common,Huatli's Snubhorn,W1
1 - Common,Impassioned Orator,W1
1 - Common,Impeccable Timing,W1
1 - Common,Indomitable Will,W1
1 - Common,In Oketra's Name,W1
1 - Common,Justiciar's Portal,W1
1 - Common,Knight's Pledge,W1
1 - Common,Knight of New Benalia,W1
1 - Common,Leonin of the Lost Pride,W1
1 - Common,Lightwalker,W1
1 - Common,Maned Serval,W1
1 - Common,Martyr for the Cause,W1
1 - Common,Martyr of Dusk,W1
1 - Common,Mesa Lynx,W1
1 - Common,Mesa Unicorn,W1
1 - Common,Mighty Leap,W1
1 - Common,Momentary Blink,W1
1 - Common,Moment of Heroism,W1
1 - Common,Moorland Inquisitor,W1
1 - Common,Oketra's Avenger,W1
1 - Common,Oreskos Swiftclaw,W1
1 - Common,Pacifism,W1
1 - Common,Pouncing Lynx,W1
1 - Common,Pressure Point,W1
1 - Common,Prowling Caracal,W1
1 - Common,Raise the Alarm,W1
1 - Common,Raptor Companion,W1
1 - Common,Ray of Revelation,W1
1 - Common,Revitalize,W1
1 - Common,Revoke Existence,W1
1 - Common,Ronom Unicorn,W1
1 - Common,Savai Sabertooth,W1
1 - Common,Savannah Sage,W1
1 - Common,Serra Disciple,W1
1 - Common,Shining Armor,W1
1 - Common,Show of Valor,W1
1 - Common,Shrine Keeper,WW
1 - Common,Silverbeak Griffin,WW
1 - Common,Silverflame Squire,W1
1 - Common,Skyblade of the Legion,W1
1 - Common,Skyline Scout,W1
1 - Common,Stonerise Spirit,W1
1 - Common,Story Seeker,W1
1 - Common,Study Break,W1
1 - Common,Summary Judgement,W1
1 - Common,Sunlit Hoplite,W1
1 - Common,Sun Sentinel,W1
1 - Common,Swift Response,W1
1 - Common,Take Vengeance,W1
1 - Common,Tandem Tactics,W1
1 - Common,Tenth District Guard,W1
1 - Common,Transcendent Envoy,W1
1 - Common,Trapped in the Tower,W1
1 - Common,War Screecher,W1
1 - Common,Youthful Knight,W1
1 - Common,Aerial Assault,W2
1 - Common,Angelheart Protector,W2
1 - Common,Ardenvale Tactician,WW1
1 - Common,Bastion Enforcer,W2
1 - Common,Battalion Foot Soldier,W2
1 - Common,Blade Instructor,W2
1 - Common,Bound in Gold,W2
1 - Common,Bring to Trial,W2
1 - Common,Cathar's Companion,W2
1 - Common,Celestial Enforcer,W2
1 - Common,D'Avenant Trapper,W2
1 - Common,Dauntless Aven,W2
1 - Common,Disposal Mummy,W2
1 - Common,Doomskar Oracle,W2
1 - Common,Dreadful Apathy,W2
1 - Common,Dub,W2
1 - Common,Expel,W2
1 - Common,Expose to Daylight,W2
1 - Common,Exultant Skymarcher,WW1
1 - Common,Farsight Adept,W2
1 - Common,Forsake the Worthy,W2
1 - Common,Fortify,W2
1 - Common,Fortifying Provisions,W2
1 - Common,Garrison Griffin,W2
1 - Common,Glint-Sleeve Artisan,W2
1 - Common,Goldmaw Champion,W2
1 - Common,Griffin Sentinel,W2
1 - Common,Haazda Officer,W2
1 - Common,Helical Glider,W2
1 - Common,Heliod's Pilgrim,W2
1 - Common,Herald of the Fair,W2
1 - Common,Invoke the Divine,W2
1 - Common,Iron Verdict,W2
1 - Common,Knight of the Keep,W2
1 - Common,Kor Celebrant,W2
1 - Common,Legion's Judgement,W2
1 - Common,Legion Conquistador,W2
1 - Common,Loxodon Line Breaker,W2
1 - Common,Luminous Bonds,W2
1 - Common,Makeshift Battalion,W2
1 - Common,Nahiri's Binding,WW1
1 - Common,Nyxborn Courser,WW1
1 - Common,Omen of the Sun,W2
1 - Common,Pegasus Courser,W2
1 - Common,Perimeter Sergeant,W2
1 - Common,Pilgrim of the Ages,W2
1 - Common,Queen's Commission,W2
1 - Common,Revoke Privileges,W2
1 - Common,Rising Populace,W2
1 - Common,Ritual of Rejuvination,W2
1 - Common,Sergeant-at-Arms,W2
1 - Common,Snare Tactician,W2
1 - Common,Solitary Camel,W2
1 - Common,Spontaneous Flight,W2
1 - Common,Squire's Devotion,W2
1 - Common,Starnheim Courser,W2
1 - Common,Steadfast Sentry,W2
1 - Common,Sworn Companions,W2
1 - Common,Tazeem Raptor,W2
1 - Common,Tenth District Veteran,W2
1 - Common,Territorial Hammerskull,W2
1 - Common,Teyo's Lightshield,W2
1 - Common,Those Who Serve,W2
1 - Common,Topple the Statue,W2
1 - Common,Trusted Pegasus,W2
1 - Common,Trusty Packbeast,W2
1 - Common,Warded Battlements,W2
1 - Common,Aether Inspector,W3
1 - Common,Ardenvale Paladin,W3
1 - Common,Aven Sentry,W3
1 - Common,Axgard Braggart,W3
1 - Common,Bartered Cow,W3
1 - Common,Basri's Acolyte,WW2
1 - Common,Blade Brandish,W3
1 - Common,Call the Calvalry,W3
1 - Common,Candlelight Vigil,W3
1 - Common,Civic Stalwart,W3
1 - Common,Collar the Culprit,W3
1 - Common,Combat Professor,W3
1 - Common,Daysquad Marshal,W3
1 - Common,Defend the Campus,W3
1 - Common,Divine Verdict,W3
1 - Common,Dwarven Priest,W3
1 - Common,Gale Swooper,W3
1 - Common,Gallant Calvalry,W3
1 - Common,Glory Bearers,W3
1 - Common,Griffin Protector,W3
1 - Common,Imperial Outrider,W3
1 - Common,Inspired Charge,WW2
1 - Common,Inspiring Captain,W3
1 - Common,Ironclad Krovod,W3
1 - Common,Kabira Outrider,W3
1 - Common,Ledev Guardian,W3
1 - Common,Looming Altisaur,W3
1 - Common,Loxodon Sergeant,W3
1 - Common,Paladin of the Bloodstained,W3
1 - Common,Parhelion Patrol,W3
1 - Common,Pious Interdiction,W3
1 - Common,Propeller Pioneer,W3
1 - Common,Prowling Felidar,W3
1 - Common,Pterodon Knight,W3
1 - Common,Sanguine Glorifier,W3
1 - Common,Silverflame Ritual,W3
1 - Common,Smite the Monstrous,W3
1 - Common,Stalwart Valkyrie,W3
1 - Common,Star-Crowned Stag,W3
1 - Common,Sunmane Pegasus,W3
1 - Common,Syndicate Messenger,W3
1 - Common,Tah-Crop Elite,W3
1 - Common,Triumphant Surge,W3
1 - Common,True Love's Kiss,WW2
1 - Common,Trusty Retriever,W3
1 - Common,Vulpikeet,W3
1 - Common,Angelic Edict,W4
1 - Common,Angel of Mercy,W4
1 - Common,Angel of the Dawn,W4
1 - Common,Aven of Enduring Hope,W4
1 - Common,Blessed Light,W4
1 - Common,Captivating Unicorn,W4
1 - Common,Coordinated Charge,W4
1 - Common,Dawnfeather Eagle,W4
1 - Common,Dawning Angel,W4
1 - Common,Daybreak Chimera,WW3
1 - Common,Enforcer Griffin,W4
1 - Common,Excavation Elephant,W4
1 - Common,Intrusive Packbeast,W4
1 - Common,Knightly Valor,W4
1 - Common,Knight of Sorrows,W4
1 - Common,Lonesome Unicorn,W4
1 - Common,Makindi Ox,W4
1 - Common,Master Skald,W4
1 - Common,Patagia Tiger,W4
1 - Common,Pillardrop Rescuer,W4
1 - Common,Prized Griffin,W4
1 - Common,Rambunctious Mutt,WW3
1 - Common,Rumbling Sentry,WW3
1 - Common,Secure the Scene,W4
1 - Common,Shepherd of Heroes,W4
1 - Common,Shining Aerosaur,W4
1 - Common,Siege Mastodon,W4
1 - Common,Spiritual Guardian,WW3
1 - Common,Squad Captain,W4
1 - Common,Sun-Crested Pterodon,W4
1 - Common,Sunrise Seeker,W4
1 - Common,Supply Caravan,W4
1 - Common,Valorous Steed,W4
1 - Common,Wanderer's Strike,W4
1 - Common,Warhorn Blast,W4
1 - Common,Bulwark Giant,W5
1 - Common,God's Hall Guardian,W5
1 - Common,Imposing Vantasaur,W5
1 - Common,Knight of the Tusk,WW4
1 - Common,Loxodon Restorer,WW4
1 - Common,Voice of the Provinces,WW4
1 - Common,Watchful Giant,W5
1 - Common,Aegis Turtle,B
1 - Common,Annul,B
1 - Common,Arcane Flight,B
1 - Common,Artificer's Assistant,B
1 - Common,Bind the Monster,B
1 - Common,Brinebarrow Intruder,B
1 - Common,Bubble Snare,B
1 - Common,Chain to Memory,B
1 - Common,Chilling Trap,B
1 - Common,Dazzling Lights,B
1 - Common,Dive Down,B
1 - Common,Eidolon of Philosophy,B
1 - Common,Faerie Miscreant,B
1 - Common,Gearsmith Prodigy,B
1 - Common,Mantle of Tides,B
1 - Common,Maximize Altitude,B
1 - Common,Merfolk Secretkeeper,B
1 - Common,Mist-Cloaked Herald,B
1 - Common,Opt,B
1 - Common,Rescue,B
1 - Common,River's Favor,B
1 - Common,Rookie Mistake,B
1 - Common,Sea Legs,B
1 - Common,Select for Inspection,B
1 - Common,Shell Shield,B
1 - Common,Shorecomber Crab,B
1 - Common,Shore Keeper,B
1 - Common,Silent Departure,B
1 - Common,Sleep of the Dead,B
1 - Common,Slither Blade,B
1 - Common,So Tiny,B
1 - Common,Spell Pierce,B
1 - Common,Stern Dismissal,B
1 - Common,Thriving Turtle,B
1 - Common,Unsummon,B
1 - Common,Wall of Runes,B
1 - Common,Witching Well,B
1 - Common,Zephyr Gull,B
1 - Common,Zulaport Duelist,B
1 - Common,Aether Swooper,B1
1 - Common,Aether Theorist,B1
1 - Common,Anticipate,B1
1 - Common,Anticognition,B1
1 - Common,Arcane Subtraction,B1
1 - Common,Blink of an Eye,B1
1 - Common,Burrog Defender,B1
1 - Common,Callous Dismissal,B1
1 - Common,Cartouche of Knowledge,B1
1 - Common,Cleric of Chill Depths,B1
1 - Common,Compelling Argument,B1
1 - Common,Contentious Plan,B1
1 - Common,Coral Merfolk,B1
1 - Common,Corridor Monitor,B1
1 - Common,Curate,B1
1 - Common,Deliberate,B1
1 - Common,Depart the Realm,B1
1 - Common,Disdainful Stroke,B1
1 - Common,Disperse,B1
1 - Common,Erratic Visionary,B1
1 - Common,Essence Scatter,B1
1 - Common,Facet Reader,B1
1 - Common,Faerie Duelist,B1
1 - Common,Frantic Inventory,B1
1 - Common,Ghostform,B1
1 - Common,Glimmerbell,B1
1 - Common,Glint,B1
1 - Common,Hampering Snare,B1
1 - Common,Iceberg Cancrix,B1
1 - Common,Ice Over,B1
1 - Common,Into the Roil,B1
1 - Common,Karfell Harbinger,B1
1 - Common,Kasmina's Transmutation,B1
1 - Common,Keen Glidemaster,B1
1 - Common,Keep Safe,B1
1 - Common,Kitesail Corsair,B1
1 - Common,Lofty Denial,B1
1 - Common,Merfolk Looter,B1
1 - Common,Metropolis Sprite,B1
1 - Common,Mists of Littjara,B1
1 - Common,Moat Piranhas,B1
1 - Common,Murmuring Phantasm,B1
1 - Common,Narcolepsy,B1
1 - Common,Negate,B1
1 - Common,Omenspeaker,B1
1 - Common,Omen of the Sea,B1
1 - Common,One With the Wind,B1
1 - Common,Passwall Adept,B1
1 - Common,Peel from Reality,B1
1 - Common,Persistent Petitioners,B1
1 - Common,Pilfering Hawk,B1
1 - Common,Quench,B1
1 - Common,Radical Idea,B1
1 - Common,Reject,B1
1 - Common,Relic Runner,B1
1 - Common,Resculpt,B1
1 - Common,Revolutionary Rebuff,B1
1 - Common,Riptide Turtle,B1
1 - Common,Run Away Together,B1
1 - Common,Sage's Row Savant,B1
1 - Common,Seeker of Insight,B1
1 - Common,Shaper Apprentice,B1
1 - Common,Shimmer of Possibility,B1
1 - Common,Shipwreck Looter,B1
1 - Common,Siren's Ruse,B1
1 - Common,Skyclave Squid,B1
1 - Common,Sky Theater Strix,B1
1 - Common,Slimebind,B1
1 - Common,Soothsayer Adept,B1
1 - Common,Spellweaver Eternal,B1
1 - Common,Starlit Mantle,B1
1 - Common,Startling Development,B1
1 - Common,Strategic Planning,B1
1 - Common,Sworn Guardian,B1
1 - Common,Tazeem Roilmage,B1
1 - Common,Teferi's Time Twist,B1
1 - Common,Think Twice,B1
1 - Common,Towering-Wave Mystic,B1
1 - Common,Treasure Hunt,B1
1 - Common,Unexplained Disappearance,B1
1 - Common,Unquenchable Thirst,B1
1 - Common,Vedalken Mesmerist,B1
1 - Common,Vodalian Arcanist,B1
1 - Common,Voyage's End,B1
1 - Common,Wall of Mist,B1
1 - Common,Waterkin Shaman,B1
1 - Common,Winds of Rebuke,B1
1 - Common,Wishful Merfolk,B1
1 - Common,Zephyr Charge,B1
1 - Common,Academy Drake,B2
1 - Common,Aerial Guide,B2
1 - Common,Aether Tradewinds,B2
1 - Common,Ancient Crab,BB1
1 - Common,Archaeomender,B2
1 - Common,Armored Whirl Turtle,B2
1 - Common,Arrester's Admonition,B2
1 - Common,Aven Eternal,B2
1 - Common,Aven Wind Mage,B2
1 - Common,Aviation Pioneer,B2
1 - Common,Befuddle,B2
1 - Common,Cancel,BB1
1 - Common,Charmed Sleep,BB1
1 - Common,Clear the Mind,B2
1 - Common,Cloudkin Seer,B2
1 - Common,Convolute,B2
1 - Common,Coral Commando,B2
1 - Common,Countervailing Winds,B2
1 - Common,Crashing Tide,B2
1 - Common,Cunning Geysermage,B2
1 - Common,Deep Freeze,B2
1 - Common,Deny the Divine,B2
1 - Common,Depths of Desire,B2
1 - Common,Didn't Say Please,BB1
1 - Common,Dimir Informant,B2
1 - Common,Divination,B2
1 - Common,Draugr Thought-Thief,B2
1 - Common,Dwindle,B2
1 - Common,Elite Instructor,B2
1 - Common,Field Research,B2
1 - Common,Frost Breath,B2
1 - Common,Frost Lynx,B2
1 - Common,Frost Trickster,B2
1 - Common,Glacial Grasp,B2
1 - Common,Guildpact Informant,B2
1 - Common,Hekma Sentinels,B2
1 - Common,Hinterland Drake,B2
1 - Common,Ichthyomorphosis,B2
1 - Common,Leapfrog,B2
1 - Common,Library Larcenist,B2
1 - Common,Metallic Rebuke,B2
1 - Common,Mistral Singer,B2
1 - Common,Mistwalker,B2
1 - Common,Mystic Skyfish,B2
1 - Common,Naga Eternal,B2
1 - Common,Naiad of Hidden Coves,B2
1 - Common,No Escape,B2
1 - Common,Of One Mind,B2
1 - Common,Oko's Accomplices,B2
1 - Common,Phantom Warrior,BB1
1 - Common,Phase Dolphin,B2
1 - Common,Pop Quiz,B2
1 - Common,Queen of Ice,B2
1 - Common,Ravenform,B2
1 - Common,Risen Riptide,B2
1 - Common,Rishadan Airship,B2
1 - Common,River Darter,B2
1 - Common,Rousing Read,B2
1 - Common,Sage's Row Denizen,B2
1 - Common,Sailor of Means,B2
1 - Common,Seafloor Stalker,B2
1 - Common,Sea Gate Oracle,B2
1 - Common,Secrets of the Golden City,BB1
1 - Common,Seer of the Last Tomorrow,B2
1 - Common,Selhoff Occultist,B2
1 - Common,Senate Courier,B2
1 - Common,Siren Lookout,B2
1 - Common,Spellkeeper Weird,B2
1 - Common,Stealth Mission,B2
1 - Common,Sweep Away,B2
1 - Common,Teferi's Protege,B2
1 - Common,Temporal Machinations,B2
1 - Common,Thieving Otter,B2
1 - Common,Thirst for Meaning,B2
1 - Common,Thought Collapse,BB1
1 - Common,Tolarian Scholar,B2
1 - Common,Tome Raider,B2
1 - Common,Uncomfortable Chill,B2
1 - Common,Unwind,B2
1 - Common,Vexing Gull,B2
1 - Common,Vortex Runner,B2
1 - Common,Waterknot,BB1
1 - Common,Watertrap Weaver,B2
1 - Common,Winged Words,B2
1 - Common,Augury Raven,B3
1 - Common,Aven Initiate,B3
1 - Common,Behold the Multiverse,B3
1 - Common,Bone to Ash,BB2
1 - Common,Capture Sphere,B3
1 - Common,Cascade Seer,B3
1 - Common,Castaway's Despair,B3
1 - Common,Celestial Messenger,BB2
1 - Common,Crookclaw Transmuter,B3
1 - Common,Crush Dissent,B3
1 - Common,Crystacean,B3
1 - Common,Deadeye Rig-Hauler,B3
1 - Common,Devious Cover-Up,BB2
1 - Common,Distant Melody,B3
1 - Common,Expedition Diver,B3
1 - Common,Fortress Crab,B3
1 - Common,Frostpeak Yeti,B3
1 - Common,Gust of Wind,B3
1 - Common,Headwater Sentries,B3
1 - Common,Hieroglyphic Illumination,B3
1 - Common,Homarid Explorer,B3
1 - Common,Leave in the Dust,B3
1 - Common,Littjara Kinseekers,B3
1 - Common,Malfunction,B3
1 - Common,Memory Drain,BB2
1 - Common,Mistford River Turtle,B3
1 - Common,Muse Drake,B3
1 - Common,Naga Oracle,B3
1 - Common,Nimble Innovator,B3
1 - Common,Nyxborn Seaguard,BB2
1 - Common,Octoprophet,B3
1 - Common,Pirate's Prize,B3
1 - Common,Relentless Advance,B3
1 - Common,Run Aground,B3
1 - Common,Scholar of Stars,B3
1 - Common,Serpentine Curve,B3
1 - Common,Shipwreck Moray,B3
1 - Common,Skitter Eel,B3
1 - Common,Sleep Paralysis,B3
1 - Common,Snapping Drake,B3
1 - Common,Spire Winder,B3
1 - Common,Storm Sculptor,B3
1 - Common,Tamiyo's Epiphany,B3
1 - Common,Thunder Drake,B3
1 - Common,Tome Anima,B3
1 - Common,Triton Waverider,B3
1 - Common,Vantress Paladin,B3
1 - Common,Vedalken Entrancer,B3
1 - Common,Waterfall Aerialist,B3
1 - Common,Weldfast Wingsmith,B3
1 - Common,Wishcoin Crab,B3
1 - Common,Academy Journeymage,B4
1 - Common,Ashiok's Skulker,B4
1 - Common,Berg Strider,B4
1 - Common,Boreal Elemental,B4
1 - Common,Bury in Books,B4
1 - Common,Chillbringer,B4
1 - Common,Cloudreader Sphinx,B4
1 - Common,Dreamtail Heron,B4
1 - Common,Frostveil Ambush,BB3
1 - Common,Humongulus,B4
1 - Common,Living Tempest,B4
1 - Common,Prescient Chimera,BB3
1 - Common,Prosperous Pirates,B4
1 - Common,Roaming Ghostlight,BB3
1 - Common,Salvager of Secrets,B4
1 - Common,Shimmerscale Drake,B4
1 - Common,Soul of the Rapids,BB3
1 - Common,Steelgaze Griffin,B4
1 - Common,Tezzeret's Ambition,BB3
1 - Common,Totally Lost,B4
1 - Common,Unexplained Vision,B4
1 - Common,Watcher in the Mist,BB3
1 - Common,Wind Strider,B4
1 - Common,Witness of Tomorrow,B4
1 - Common,Cold-Water Snapper,B5
1 - Common,Floodwaters,BB4
1 - Common,Frilled Sea Serpent,BB4
1 - Common,Kiora's Dambreaker,B5
1 - Common,Moonlit Scavengers,B5
1 - Common,Brying Eyes,BB4
1 - Common,Read the Tides,B5
1 - Common,Run Ashore,BB4
1 - Common,Undersea Invader,BB4
1 - Common,Wingfold Pteron,B5
1 - Common,Brine Giant,B6
1 - Common,Gearseeker Serpent,BB5
1 - Common,Spined Megalodon,BB5
1 - Common,Striped Riverwinder,B6
1 - Common,Syncopate,BX
1 - Common,Alchemist's Gift,K
1 - Common,Banehound,K
1 - Common,Barrier of Bones,K
1 - Common,Blessing of Belzenlok,K
1 - Common,Blight Keeper,K
1 - Common,Blood Beckoning,K
1 - Common,Bone Splinters,K
1 - Common,Cauldron Familiar,K
1 - Common,Compound Fracture,K
1 - Common,Dead Weight,K
1 - Common,Death's Approach,K
1 - Common,Demonic Vigor,K
1 - Common,Disentomb,K
1 - Common,Divest,K
1 - Common,Drainpipe Vermin,K
1 - Common,Duress,K
1 - Common,Duskwielder,K
1 - Common,Eye Collector,K
1 - Common,Festering Mummy,K
1 - Common,Festering Newt,K
1 - Common,Fourth Bridge Prowler,K
1 - Common,Fruit of Tizerus,K
1 - Common,Fungal Infection,K
1 - Common,Grasping Scoundrel,K
1 - Common,Grim Physician,K
1 - Common,Hired Poisoner,K
1 - Common,Innocent Blood,K
1 - Common,Kaya's Ghostform,K
1 - Common,Lash of Malice,K
1 - Common,Lash of Thorns,K
1 - Common,Liliana's Steward,K
1 - Common,March of the Drowned,K
1 - Common,Mogis's Favor,K
1 - Common,Mutual Destruction,K
1 - Common,Nightshade Stinger,K
1 - Common,Nightmarket Lookout,K
1 - Common,Omen of the Dead,K
1 - Common,Plagued Rusalka,K
1 - Common,Professor's Warning,K
1 - Common,Raise Dead,K
1 - Common,Sanitarium Skeleton,K
1 - Common,Scarab Feast,K
1 - Common,Serrated Scorpion,K
1 - Common,Shambling Goblin,K
1 - Common,Skittering Heartstopper,K
1 - Common,Skulduggery,K
1 - Common,Spark Harvest,K
1 - Common,Stronghold Confessor,K
1 - Common,Supernatural Stamina,K
1 - Common,Thirsting Shade,K
1 - Common,Typhoid Rats,K
1 - Common,Unwilling Ingredient,K
1 - Common,Vampire Neonate,K
1 - Common,Vicious Rumors,K
1 - Common,Village Rites,K
1 - Common,Weigh Down,K
1 - Common,Whisper Squad,K
1 - Common,Abnormal Endurance,K1
1 - Common,Aether Poisoner,K1
1 - Common,Aid the Fallen,K1
1 - Common,Arrogant Poet,K1
1 - Common,Black Cat,K1
1 - Common,Bladebrand,K1
1 - Common,Blood Burglar,K1
1 - Common,Boot Nipper,K1
1 - Common,Burglar Rat,K1
1 - Common,Cabal Evangel,K1
1 - Common,Caligo Skin-Witch,K1
1 - Common,Cemetery Recruitment,K1
1 - Common,Child of Night,K1
1 - Common,Corpse Churn,K1
1 - Common,Corpse Hauler,K1
1 - Common,Costly Plunder,K1
1 - Common,Cruel Cut,K1
1 - Common,Dark Remedy,K1
1 - Common,Deathknell Berserker,K1
1 - Common,Demonic Gifts,K1
1 - Common,Desperate Castaways,K1
1 - Common,Die Young,K1
1 - Common,Dinosaur Hunter,K1
1 - Common,Dire Fleet Hoarder,K1
1 - Common,Discordant Piper,K1
1 - Common,Doomed Dissenter,K1
1 - Common,Dune Beetle,K1
1 - Common,Durable Coilbug,K1
1 - Common,Duskmantle Operative,K1
1 - Common,Dusk Legion Zealot,K1
1 - Common,Elderfang Disciple,K1
1 - Common,Essence Infusion,K1
1 - Common,Eternal Thirst,K1
1 - Common,Expedition Skulker,K1
1 - Common,Feed the Swarm,K1
1 - Common,Fetid Imp,K1
1 - Common,Forever Young,K1
1 - Common,Ghastly Gloomhunter,K1
1 - Common,Ghoulcaller's Accomplice,K1
1 - Common,Giant's Skewer,K1
1 - Common,Grasp of Darkness,KK
1 - Common,Hunt for Specimens,K1
1 - Common,Infernal Scarring,K1
1 - Common,Khenra Eternal,K1
1 - Common,Krovikan Scoundrel,K1
1 - Common,Lampad of Death's Vigil,K1
1 - Common,Last Gasp,K1
1 - Common,Lazotep Reaver,K1
1 - Common,Leech Fanatic,K1
1 - Common,Macabre Waltz,K1
1 - Common,Malakir Blood-Priest,K1
1 - Common,Malevolent Noble,K1
1 - Common,Masked Blackguard,K1
1 - Common,Miasmic Mummy,K1
1 - Common,Mire's Grasp,K1
1 - Common,Moment of Craving,K1
1 - Common,Nimble Pilferer,K1
1 - Common,Oblivion's Hunger,K1
1 - Common,Plague Wight,K1
1 - Common,Priest of the Haunted Edge,K1
1 - Common,Queen's Bay Soldier,K1
1 - Common,Raise the Draugr,K1
1 - Common,Rakdos Trumpeter,K1
1 - Common,Rat Colony,K1
1 - Common,Reave Soul,K1
1 - Common,Rush of Vitality,K1
1 - Common,Severed Strands,K1
1 - Common,Smitten Swordmaster,K1
1 - Common,Sorcerer of the Fang,K1
1 - Common,Sorin's Thirst,KK
1 - Common,Sovereign's Bite,K1
1 - Common,Spirit of Malevolence,K1
1 - Common,Subtle Strike,K1
1 - Common,Tattered Mummy,K1
1 - Common,Temple Thief,K1
1 - Common,Trespasser's Curse,K1
1 - Common,Unexpected Fangs,K1
1 - Common,Unlikely Aid,K1
1 - Common,Vampire Opportunist,K1
1 - Common,Vault Skirge,(pK)1
1 - Common,Vicious Offering,K1
1 - Common,Wailing Ghoul,K1
1 - Common,Walking Corpse,K1
1 - Common,Wight of Precinct Six,K1
1 - Common,Withercrown,K1
1 - Common,Alley Strangler,K2
1 - Common,Audacious Thief,K2
1 - Common,Barony Vampire,K2
1 - Common,Blighted Bat,K2
1 - Common,Cadaver Imp,KK1
1 - Common,Caged Zombie,K2
1 - Common,Cartouche of Ambition,K2
1 - Common,Crow of Dark Tidings,K2
1 - Common,Dark Inquiry,K2
1 - Common,Deadeye Tormentor,K2
1 - Common,Deathbloom Thallid,K2
1 - Common,Defiant Salvager,K2
1 - Common,Douse in Gloom,K2
1 - Common,Drudge Sentinel,K2
1 - Common,Dutiful Attendant,K2
1 - Common,Fathom Fleet Boarder,K2
1 - Common,Foreboding Fruit,K2
1 - Common,Fortuitous Find,K2
1 - Common,Foundry Screecher,K2
1 - Common,Funeral Rites,K2
1 - Common,Ghoulraiser,KK1
1 - Common,Gloom Pangolin,K2
1 - Common,Gorging Vulture,K2
1 - Common,Grim Draugr,K2
1 - Common,Grotesque Demise,K2
1 - Common,Gruesome Fate,K2
1 - Common,Guul Draz Mucklord,K2
1 - Common,Hagra Constrictor,K2
1 - Common,Hired Blade,K2
1 - Common,Infernal Pet,K2
1 - Common,Koma's Faithful,K2
1 - Common,Kraul Raider,K2
1 - Common,Lawless Broker,K2
1 - Common,Lethal Sting,K2
1 - Common,Live Fast,K2
1 - Common,Lost Legion,KK1
1 - Common,Marauding Blight-Priest,K2
1 - Common,Marauding Boneslasher,K2
1 - Common,Memory Leak,K2
1 - Common,Memory Theft,K2
1 - Common,Mephitic Vapors,K2
1 - Common,Mind Drain,K2
1 - Common,Mind Rot,K2
1 - Common,Murder,KK1
1 - Common,Never Happened,K2
1 - Common,Nightsquad Commando,K2
1 - Common,Nimana Skydancer,K2
1 - Common,Nocturnal Feeder,K2
1 - Common,Noxious Groodion,K2
1 - Common,Ob Nixilis's Cruelty,K2
1 - Common,Pharika's Libation,K2
1 - Common,Phyrexian Broodlings,KK1
1 - Common,Phyrexian Rager,K2
1 - Common,Promising Duskmage,K2
1 - Common,Recover,K2
1 - Common,Savage Gorger,KK1
1 - Common,Scathe Zombies,K2
1 - Common,Scavenging Harpy,K2
1 - Common,Shriekdiver,K2
1 - Common,Skymarch Bloodletter,K2
1 - Common,Slate Street Ruffian,K2
1 - Common,Soulreaper of Mogis,K2
1 - Common,Soul Salvage,K2
1 - Common,Spark Reaper,K2
1 - Common,Spinal Centipede,K2
1 - Common,Splendid Agony,K2
1 - Common,Suffocating Fumes,K2
1 - Common,Tempting Witch,K2
1 - Common,Toll of the Invasion,K2
1 - Common,Unburden,KK1
1 - Common,Undercity's Embrace,K2
1 - Common,Underworld Charger,K2
1 - Common,Unholy Indenture,K2
1 - Common,Vanquish the Weak,K2
1 - Common,Veiled Shade,K2
1 - Common,Voracious Vampire,K2
1 - Common,Vraska's Finisher,K2
1 - Common,Wander in Death,K2
1 - Common,Wasteland Scorpion,K2
1 - Common,Witch's Familiar,K2
1 - Common,Agonizing Siphon,K3
1 - Common,Aspect of Lamprey,K3
1 - Common,Bake into a Pie,KK2
1 - Common,Bartizan Bats,K3
1 - Common,Bloodhunter Bat,K3
1 - Common,Blood Curdle,K3
1 - Common,Blood Price,K3
1 - Common,Bushmeat Poacher,K3
1 - Common,Cabal Paladin,K3
1 - Common,Carrion Imp,K3
1 - Common,Charity Extractor,K3
1 - Common,Crushing Disappointment,K3
1 - Common,Crypt Lurker,K3
1 - Common,Daring Demolition,KK2
1 - Common,Dark Bargain,K3
1 - Common,Davriel's Shadofugue,K3
1 - Common,Dead Revels,K3
1 - Common,Dire Fleet Interloper,K3
1 - Common,Dogget Pursuit,K3
1 - Common,Draugr Recruiter,K3
1 - Common,Dusk Charger,K3
1 - Common,Eviscerate,K3
1 - Common,Fathom Fleet Cutthroat,K3
1 - Common,Feed the Serpent,KK2
1 - Common,Herald of the Dreadhorde,K3
1 - Common,Highborn Vampire,K3
1 - Common,Ill-Gotten Inheritance,K3
1 - Common,Impale,KK2
1 - Common,Infectious Horror,K3
1 - Common,Jarl of the Forsaken,K3
1 - Common,Launch Party,K3
1 - Common,Locthwain Paladin,K3
1 - Common,Lurking Deadeye,K3
1 - Common,Mage Hunter's Onslaught,KK2
1 - Common,Mark of the Vampire,K3
1 - Common,Maulfist Squad,K3
1 - Common,Mindwrack Harpy,K3
1 - Common,Moodmark Painter,KK2
1 - Common,Night Market Aeronaut,K3
1 - Common,Nimana Skitter-Sneak,K3
1 - Common,Novice Dissector,K3
1 - Common,Nyxborn Marauder,KK2
1 - Common,Parasitic Implant,K3
1 - Common,Phyrexian Debaser,K3
1 - Common,Pitiless Vizier,K3
1 - Common,Sanguine Indulgence,K3
1 - Common,Skeleton Archer,K3
1 - Common,Skull Raid,K3
1 - Common,Soulstinger,K3
1 - Common,Specter of the Fens,K3
1 - Common,Strangling Spores,K3
1 - Common,Tendrils of Corruption,K3
1 - Common,Thallid Omnivore,K3
1 - Common,Two-Headed Zombie,K3
1 - Common,Undead Servant,K3
1 - Common,Undercity Scavenger,K3
1 - Common,Vampire Champion,K3
1 - Common,Venomous Hierophant,K3
1 - Common,Wicked Guardian,K3
1 - Common,Anointed Deacon,K4
1 - Common,Barrow Witches,K4
1 - Common,Blade Juggler,K4
1 - Common,Blood Glutton,K4
1 - Common,Boneclad Necromancer,KK3
1 - Common,Canal Monitor,K4
1 - Common,Catacomb Crocodile,K4
1 - Common,Cavern Whisperer,K4
1 - Common,Contact Killing,KK3
1 - Common,Deadly Alliance,K4
1 - Common,Deadly Visit,K4
1 - Common,Douser of Lights,K4
1 - Common,Dreadwurm,K4
1 - Common,Epicure of Blood,K4
1 - Common,Festive Funeral,K4
1 - Common,Final Death,K4
1 - Common,Final Reward,K4
1 - Common,Finishing Blow,K4
1 - Common,Horror of the Broken Lands,K4
1 - Common,Kalastria Nightwatch,K4
1 - Common,Karfell Kennel-Master,K4
1 - Common,Lazotep Behemoth,K4
1 - Common,Lich's Caress,KK3
1 - Common,Rage-Scarred Berserker,K4
1 - Common,Rise Again,K4
1 - Common,Spreading Rot,K4
1 - Common,Windgrace Acolyte,K4
1 - Common,Blight-Breath Catoblepas,KK4
1 - Common,Blitz Leech,K5
1 - Common,Bogstomper,KK4
1 - Common,Consign to the Pit,K5
1 - Common,Debtor's Transport,K5
1 - Common,Drana's Silencer,K5
1 - Common,Dread Rider,K5
1 - Common,Feral Abomination,K5
1 - Common,Gempalm Polluter,K5
1 - Common,Queen's Agent,K5
1 - Common,Tithebearer Giant,K5
1 - Common,Fen Hauler,K6
1 - Common,Gloom Sower,KK5
1 - Common,Reaper of Night,KK5
1 - Common,Akoum Hellhound,R
1 - Common,Barge In,R
1 - Common,Blazing Volley,R
1 - Common,Blisterspit Gremlin,R
1 - Common,Bloodlust Inciter,R
1 - Common,Built to Smash,R
1 - Common,Cartouche of Zeal,R
1 - Common,Collateral Damage,R
1 - Common,Crash Through,R
1 - Common,Deface,R
1 - Common,Dual Shot,R
1 - Common,Fanatical Firebrand,R
1 - Common,Fearless Pup,R
1 - Common,Fervent Strike,R
1 - Common,Fire Shrine Keeper,R
1 - Common,Forge Devil,R
1 - Common,Frost Bite,R
1 - Common,Furor of the Bitten,R
1 - Common,Ghitu Lavarunner,R
1 - Common,Goblin Arsonist,R
1 - Common,Goblin Gaveleer,R
1 - Common,Goblin Motivator,R
1 - Common,Grim Initiate,R
1 - Common,Heightened Reflexes,R
1 - Common,Infuriate,R
1 - Common,Magma Spray,R
1 - Common,Maximize Velocity,R
1 - Common,Mugging,R
1 - Common,Mutiny,R
1 - Common,Outnumber,R
1 - Common,Pillar of Flame,R
1 - Common,Precise Strike,R
1 - Common,Raging Goblin,R
1 - Common,Reckless Air Strike,R
1 - Common,Rile,R
1 - Common,Ruinous Gremlin,R
1 - Common,Samut's Sprint,R
1 - Common,Satyr's Cunning,R
1 - Common,Scorch Splitter,R
1 - Common,Shivan Fire,R
1 - Common,Shock,R
1 - Common,Skirk Prospector,R
1 - Common,Smelt,R
1 - Common,Sneaking Guide,R
1 - Common,Spear Spewer,R
1 - Common,Storm Strike,R
1 - Common,Tin Street Cadet,R
1 - Common,Torch Courier,R
1 - Common,Tormentor's Helm,R
1 - Common,Warlord's Fury,R
1 - Common,Weaselback Redcap,R
1 - Common,Aether Chaser,R1
1 - Common,Ancient Grudge,R1
1 - Common,Ashmouth Hound,R1
1 - Common,Axgard Cavalry,R1
1 - Common,Bloodhaze Wolverine,R1
1 - Common,Bloodstone Goblin,R1
1 - Common,Blood Age General,R1
1 - Common,Blur of Blades,R1
1 - Common,Borderland Marauder,R1
1 - Common,Brute Strength,R1
1 - Common,Buccaneer's Bravado,R1
1 - Common,Burning Prophet,R1
1 - Common,Cathartic Reunion,R1
1 - Common,Chandra's Embercat,R1
1 - Common,Chandra's Magmutt,R1
1 - Common,Chandra's Pyrohelix,R1
1 - Common,Cleansing Wildfire,R1
1 - Common,Crystal Slipper,R1
1 - Common,Dragon Fodder,R1
1 - Common,Dragon Hatchling,R1
1 - Common,Drannith Stinger,R1
1 - Common,Fathom Fleet Firebrand,R1
1 - Common,Feral Maaka,R1
1 - Common,Firebrand Archer,R1
1 - Common,Fire Prophecy,R1
1 - Common,Fire Urchin,R1
1 - Common,First Day of Class,R1
1 - Common,Fissue Wizard,R1
1 - Common,Fling,R1
1 - Common,Forbidden Friendship,R1
1 - Common,Frenzied Rage,R1
1 - Common,Ghitu Chronicler,R1
1 - Common,Goblin Assailant,R1
1 - Common,Goblin Bird-Grabber,R1
1 - Common,Goblin Instigator,R1
1 - Common,Goblin Locksmith,R1
1 - Common,Goblin Shortcutter,R1
1 - Common,Goblin Trailblazer,R1
1 - Common,Goblin Tunneler,R1
1 - Common,Go for Blood,R1
1 - Common,Gravel-Hide Goblin,R1
1 - Common,Grotag Bug-Catcher,R1
1 - Common,Heartfire,R1
1 - Common,Hobblefiend,R1
1 - Common,Igneous Cur,R1
1 - Common,Illustrous Historian,R1
1 - Common,Immerstrum Raider,R1
1 - Common,Incendiary Oracle,R1
1 - Common,Inordinate Rage,R1
1 - Common,Jaya's Greeting,R1
1 - Common,Kargan Dragonrider,R1
1 - Common,Keldon Warcaller,R1
1 - Common,Kiln Fiend,R1
1 - Common,Lightning Visionary,R1
1 - Common,Maniacal Rage,R1
1 - Common,Nahiri's Stoneblades,R1
1 - Common,Nef-Crop Entangler,R1
1 - Common,Nest Robber,R1
1 - Common,Nimble-Blade Khenra,R1
1 - Common,Omen of the Forge,R1
1 - Common,Oread of Mountain's Blaze,R1
1 - Common,Ornery Goblin,R1
1 - Common,Pack Mastiff,R1
1 - Common,Pathmaker Initiate,R1
1 - Common,Ragefire,R1
1 - Common,Raking Claws,R1
1 - Common,Reckless Fireweaver,R1
1 - Common,Rimrock Knight,R1
1 - Common,Roil Eruption,R1
1 - Common,Run Amok,R1
1 - Common,Scavenged Blade,R1
1 - Common,Scorching Dragonfire,R1
1 - Common,Scorchmark,R1
1 - Common,Seven Dwarves,R1
1 - Common,Shatter,R1
1 - Common,Shredded Sails,R1
1 - Common,Sizzling Barrage,R1
1 - Common,Splitting Earth,R1
1 - Common,Sudden Breakthrough,R1
1 - Common,Sun-Collared Raptor,R1
1 - Common,Sure Strike,R1
1 - Common,Swab Goblin,R1
1 - Common,Swashbuckling,R1
1 - Common,Teeterpeak Ambusher,R1
1 - Common,Thermo-Alchemist,R1
1 - Common,Thrill of Possibility,R1
1 - Common,Tilonalli's Crown,R1
1 - Common,Tilonalli's Knight,R1
1 - Common,Torch Fiend,R1
1 - Common,Tormenting Voice,R1
1 - Common,Underworld Rage-Hound,R1
1 - Common,Vault Robber,R1
1 - Common,Viashino Pyromancer,R1
1 - Common,Act of Treason,R2
1 - Common,Ahn-Crop Invader,R2
1 - Common,Ardent Electromancer,R2
1 - Common,Aspect of Manticore,R2
1 - Common,Bathe in Dragonfire,R2
1 - Common,Blindblast,R2
1 - Common,Bloodrock Cyclops,R2
1 - Common,Blow Your House Down,R2
1 - Common,Boggart Brute,R2
1 - Common,Bombard,R2
1 - Common,Breakneck Berserker,R2
1 - Common,Brimstone Trebuchet,R2
1 - Common,Burning-Tree Vandal,R2
1 - Common,Burn Bright,R2
1 - Common,Catalyst Elemental,R2
1 - Common,Demon Bolt,R2
1 - Common,Destructive Digger,R2
1 - Common,Destructive Tampering,R2
1 - Common,Direct Current,RR1
1 - Common,Dragon's Approach,R2
1 - Common,Enthusiastic Study,R2
1 - Common,Expedition Champion,R2
1 - Common,Fearless Halberdier,R2
1 - Common,Final Flare,R2
1 - Common,Firecannon Blast,RR1
1 - Common,Frenzied Raptor,R2
1 - Common,Frilled Deathspitter,R2
1 - Common,Frontline Rebel,R2
1 - Common,Ghitu Journeymage,R2
1 - Common,Goblin Gathering,R2
1 - Common,Goblin Smuggler,R2
1 - Common,Headstrong Brute,R2
1 - Common,Heated Debate,R2
1 - Common,Hero of the Games,R2
1 - Common,Hijack,RR1
1 - Common,Honor the God-Pharaoh,R2
1 - Common,Hungry Flames,R2
1 - Common,Hurloon Minotaur,RR1
1 - Common,Irreverant Revelers,R2
1 - Common,Keldon Overseer,R2
1 - Common,Khenra Scrapper,R2
1 - Common,Merchant of the Vale,R2
1 - Common,Minotaur Skullcleaver,R2
1 - Common,Minotaur Sureshot,R2
1 - Common,Molten Blast,R2
1 - Common,Molten Ravager,R2
1 - Common,Nimble Birdsticker,R2
1 - Common,Onakke Ogre,R2
1 - Common,Open Fire,R2
1 - Common,Open the Omenpaths,R2
1 - Common,Precision Bolt,R2
1 - Common,Prickly Marmoset,R2
1 - Common,Pyromantic Pilgrim,R2
1 - Common,Raging Kronch,R2
1 - Common,Raging Redcap,R2
1 - Common,Redcap Raiders,R2
1 - Common,Rummaging Goblin,R2
1 - Common,Salivating Gremlins,R2
1 - Common,Sieze the Spoils,R2
1 - Common,Shackles of Treachery,R2
1 - Common,Skewer the Critics,R2
1 - Common,Spelleater Wolverine,R2
1 - Common,Spellgorger Weird,R2
1 - Common,Spireside Infiltrator,R2
1 - Common,Stampede Rider,R2
1 - Common,Storm Caller,R2
1 - Common,Swaggering Corsair,R2
1 - Common,Thorned Moloch,R2
1 - Common,Thresher Lizard,R2
1 - Common,Tome Shredder,R2
1 - Common,Trumpet Blast,R2
1 - Common,Tuktuk Rubblefort,R2
1 - Common,Tuskeri Firewalker,R2
1 - Common,Twinscroll Shaman,R2
1 - Common,Welding Sparks,R2
1 - Common,Wojek Bodyguard,R2
1 - Common,Arena Trickster,R3
1 - Common,Borderland Minotaur,RR2
1 - Common,Brazen Buccaneers,R3
1 - Common,Brazen Freebooter,R3
1 - Common,Chandra's Outrage,RR2
1 - Common,Chandra's Revolution,R3
1 - Common,Cosmotronic Wave,R3
1 - Common,Craven Hulk,R3
1 - Common,Daggersail Aeronaut,R3
1 - Common,Demolish,R3
1 - Common,Dwarven Reinforcements,R3
1 - Common,Electrify,R3
1 - Common,Embereth Paladin,R3
1 - Common,Engulfing Eruption,RR2
1 - Common,Ferocious Tigorilla,R3
1 - Common,Flame Lash,R3
1 - Common,Flummoxed Cyclops,R3
1 - Common,Fuming Effigy,R3
1 - Common,Ghor-Clan Wrecker,R3
1 - Common,Goblin Assault Team,R3
1 - Common,Goblin Wizardry,R3
1 - Common,Gravitic Punch,R3
1 - Common,Havoc Devils,RR2
1 - Common,Hostile Minotaur,R3
1 - Common,Iroas's Blessing,R3
1 - Common,Keldon Raider,RR2
1 - Common,Lavakin Brawler,R3
1 - Common,Lightning Elemental,R3
1 - Common,Ogre Errant,R3
1 - Common,Orazca Raptor,RR2
1 - Common,Pillardrop Warden,R3
1 - Common,Portent of Betrayal,R3
1 - Common,Puncturing Blow,RR2
1 - Common,Pursue Glory,R3
1 - Common,Pyroceratops,R3
1 - Common,Radiating Lightning,R3
1 - Common,Rampaging Cyclops,R3
1 - Common,Rubblebelt Boar,R3
1 - Common,Rubble Reading,R3
1 - Common,Rumbling Rockslide,R3
1 - Common,Scorch Rider,R3
1 - Common,Seismic Shift,R3
1 - Common,Smashing Success,R3
1 - Common,Spikewheel Acrobat,R3
1 - Common,Spitfire Lagac,R3
1 - Common,Sweatworks Brawler,R3
1 - Common,Tectonic Rift,R3
1 - Common,Tenative Connection,R3
1 - Common,Thrash of Raptors,R3
1 - Common,Turret Ogre,R3
1 - Common,Wildfire Elemental,RR2
1 - Common,Wrap in Flames,R3
1 - Common,Zealot of the God-Pharaoh,R3
1 - Common,Barging Sergeant,R4
1 - Common,Chainwhip Cyclops,R4
1 - Common,Cloudpiercer,R4
1 - Common,Command the Storm,R4
1 - Common,Fiery Intervention,R4
1 - Common,Fire Elemental,RR3
1 - Common,Flurry of Horns,R4
1 - Common,Gilded Cerodon,R4
1 - Common,Hagi Mob,R4
1 - Common,Lathnu Sailback,R4
1 - Common,Lava Axe,R4
1 - Common,Lightning Shrieker,R4
1 - Common,Nyxborn Brute,RR3
1 - Common,Pigment Storm,RR3
1 - Common,Pitchburn Devils,R4
1 - Common,Pyroclastic Hellion,R4
1 - Common,Reduce to Ashes,R4
1 - Common,Rubblebelt Recluse,R4
1 - Common,Sarkhan's Catharsis,R4
1 - Common,Sarkhan's Rage,R4
1 - Common,Searing Barrage,R4
1 - Common,Skophos Warleader,R4
1 - Common,Sparktongue Dragon,RR3
1 - Common,Squash,R4
1 - Common,Stampeding Horncrest,R4
1 - Common,Storm Fleet Pyromancer,R4
1 - Common,Synchronized Spellcraft,R4
1 - Common,Turn to Slag,RR3
1 - Common,Unfriendly Fire,R4
1 - Common,Bone Pit Brute,RR4
1 - Common,Desert Cerodon,R5
1 - Common,Invading Manticore,R5
1 - Common,Lava Serpent,R5
1 - Common,Lightning Diadem,R5
1 - Common,Ripscale Predator,RR4
1 - Common,Sun-Crowned Hunters,RR4
1 - Common,Cinderheart Giant,RR5
1 - Common,Adventurous Impulse,G
1 - Common,Almighty Brushwagg,G
1 - Common,Arboreal Grazer,G
1 - Common,Arbor Armament,G
1 - Common,Attune with Aether,G
1 - Common,Charge Through,G
1 - Common,Charging Badger,G
1 - Common,Commune with Dinosaurs,G
1 - Common,Frilled Sandwalla,G
1 - Common,Giant Growth,G
1 - Common,Healer of the Glade,G
1 - Common,Jade Bearer,G
1 - Common,Jaspera Sentinel,G
1 - Common,Jungle Delver,G
1 - Common,Life Goes On,G
1 - Common,Llanowar Elves,G
1 - Common,Moss Viper,G
1 - Common,Oashra Cultivator,G
1 - Common,Open the Gates,G
1 - Common,Ornamental Courage,G
1 - Common,Portcullis Vine,G
1 - Common,Prey Upon,G
1 - Common,Ranger's Guile,G
1 - Common,Reclaim the Wastes,G
1 - Common,Rosethorn Halberd,G
1 - Common,Run Afoul,G
1 - Common,Saruli Caretaker,G
1 - Common,Sedge Scorpion,G
1 - Common,Shed Weakness,G
1 - Common,Snakeskin Veil,G
1 - Common,Stinging Shot,G
1 - Common,Stony Strength,G
1 - Common,Strength of Solidarity,G
1 - Common,Sudden Spinnerets,G
1 - Common,Tajuru Blightblade,G
1 - Common,Unbridled Growth,G
1 - Common,Wall of Vines,G
1 - Common,Wildwood Tracker,G
1 - Common,Adventure Awaits,G1
1 - Common,Aggressive Urge,G1
1 - Common,Ancient Animus,G1
1 - Common,Arachnoform,G1
1 - Common,Bayou Groff,G1
1 - Common,Big Play,G1
1 - Common,Broken Bond,G1
1 - Common,Canopy Spider,G1
1 - Common,Commencement of Festivities,G1
1 - Common,Corrosive Ooze,G1
1 - Common,Curious Pair,G1
1 - Common,Dauntless Survivor,G1
1 - Common,Dawntreader Elk,G1
1 - Common,Deeproot Warrior,G1
1 - Common,Devarkin Dissident,G1
1 - Common,Dissenter's Deliverance,G1
1 - Common,Drowsing Tyrannodon,G1
1 - Common,Druid of the Cowl,G1
1 - Common,Elemental Uprising,G1
1 - Common,Elvish Visionary,G1
1 - Common,Essence Symbiote,G1
1 - Common,Explore,G1
1 - Common,Fell the Pheasant,G1
1 - Common,Feral Prowler,G1
1 - Common,Feral Roar,G1
1 - Common,Forced Landing,G1
1 - Common,Garenbrig Squire,G1
1 - Common,Gift of Growth,G1
1 - Common,Gift of Strength,G1
1 - Common,Giltgrove Stalker,G1
1 - Common,Gnarlid Colony,G1
1 - Common,Greenwood Sentinel,G1
1 - Common,Growth Cycle,G1
1 - Common,Guardian Gladewalker,G1
1 - Common,Hardy Veteran,G1
1 - Common,Haze of Pollen,G1
1 - Common,Highland Game,G1
1 - Common,Highspire Infusion,G1
1 - Common,Humble Naturalist,G1
1 - Common,Ilysian Caryatid,G1
1 - Common,Initiate's Companion,G1
1 - Common,Insatiable Appetite,G1
1 - Common,Into the North,G1
1 - Common,Ironshell Beetle,G1
1 - Common,Ixalli's Diviner,G1
1 - Common,Ixalli's Keeper,G1
1 - Common,Kazandu Nectarpot,G1
1 - Common,Kronch Wrangler,G1
1 - Common,Kujar Seedsculptor,G1
1 - Common,Leafkin Druid,G1
1 - Common,Leaf Gilder,G1
1 - Common,Llanowar Scout,G1
1 - Common,Maraleaf Rider,G1
1 - Common,Masked Vandal,G1
1 - Common,Might of Murasa,G1
1 - Common,Naga Vitalist,G1
1 - Common,Naturalize,G1
1 - Common,Pierce the Sky,G1
1 - Common,Plummet,G1
1 - Common,Pollenbright Druid,G1
1 - Common,Pounce,G1
1 - Common,Rabit Bite,G1
1 - Common,Ram Through,G1
1 - Common,Reckless Amplimancer,G1
1 - Common,Return to Nature,G1
1 - Common,Rhonas's Stalwart,G1
1 - Common,River Herald's Boon,G1
1 - Common,Roots of Wisdom,G1
1 - Common,Root Snare,G1
1 - Common,Sage of Shaila's Calm,G1
1 - Common,Saproling Migration,G1
1 - Common,Sauroform Hybrid,G1
1 - Common,Sculptor of Winter,G1
1 - Common,Scurrid Colony,G1
1 - Common,Setessan Skirmisher,G1
1 - Common,Setessan Training,G1
1 - Common,Skola Grovedance,G1
1 - Common,Snarespinner,G1
1 - Common,Steady Aim,G1
1 - Common,Survivors' Bond,G1
1 - Common,Sylvan Ranger,G1
1 - Common,Talons of Wildwood,G1
1 - Common,Tangletrap,G1
1 - Common,Territorial Boar,G1
1 - Common,Titanic Brawl,G1
1 - Common,Titanic Growth,G1
1 - Common,Track Down,G1
1 - Common,Treetop Warden,G1
1 - Common,Urban Utopia,G1
1 - Common,Ursine Champion,G1
1 - Common,Warbriar Blessing,G1
1 - Common,Wilt,G1
1 - Common,Woodland Mystic,G1
1 - Common,Ancestral Mask,G2
1 - Common,Appetite for the Unnatural,G2
1 - Common,Arlinn's Wolf,G2
1 - Common,Band Together,G2
1 - Common,Beneath the Sands,G2
1 - Common,Blinding Fog,G2
1 - Common,Blossom Dryad,G2
1 - Common,Broken Wings,G2
1 - Common,Cartouche of Strength,G2
1 - Common,Centaur Courser,G2
1 - Common,Courage in Crisis,G2
1 - Common,Crash the Ramparts,G2
1 - Common,Crushing Canopy,G2
1 - Common,Daggerback Basilisk,G2
1 - Common,Elvish Rejuvinator,G2
1 - Common,Excavation Mole,G2
1 - Common,Feral Invocation,G2
1 - Common,Ferocious Pup,G2
1 - Common,Fertilid,G2
1 - Common,Field Trip,G2
1 - Common,Fully Grown,G2
1 - Common,Generous Stray,G2
1 - Common,Gift of Paradise,G2
1 - Common,Glittering Frost,G2
1 - Common,Gnottvold Recluse,G2
1 - Common,Grave Bramble,GG1
1 - Common,Grow from the Ashes,G2
1 - Common,Highspire Artisan,G2
1 - Common,Hitchclaw Recluse,G2
1 - Common,Hooded Brawler,G2
1 - Common,Horizon Seeker,G2
1 - Common,Hyrax Tower Scout,G2
1 - Common,Icehide Troll,G2
1 - Common,Jungleborn Pioneer,G2
1 - Common,King Harald's Revenge,G2
1 - Common,Kraul Stinger,G2
1 - Common,Krosan Druid,G2
1 - Common,Llanowar Envoy,G2
1 - Common,Llanowar Visionary,G2
1 - Common,Loathsome Chimera,G2
1 - Common,Mage Duel,G2
1 - Common,Mammoth Growth,G2
1 - Common,Mosscoat Goriak,G2
1 - Common,Murasa Brute,G2
1 - Common,Natural End,G2
1 - Common,Netcaster Spider,G2
1 - Common,New Horizons,G2
1 - Common,Nexus Wardens,G2
1 - Common,Oakenform,G2
1 - Common,Omen of the Hunt,G2
1 - Common,Orazca Frillback,G2
1 - Common,Ornery Kudu,G2
1 - Common,Pack's Favor,G2
1 - Common,Pause for Reflection,G2
1 - Common,Penumbra Bobcat,G2
1 - Common,Pouncing Cheetah,G2
1 - Common,Presence of Gond,G2
1 - Common,Pridemalkin,G2
1 - Common,Ravenous Daggertooth,G2
1 - Common,Relentless Pursuit,G2
1 - Common,Rosethorn Acolyte,G2
1 - Common,Sagittar's Volley,G2
1 - Common,Scale the Heights,G2
1 - Common,Sidewinder Naga,G2
1 - Common,Spined Karok,G2
1 - Common,Sporecap Spider,G2
1 - Common,Springmane Cervin,G2
1 - Common,Steeple Creeper,G2
1 - Common,Sylvan Brushstrider,G2
1 - Common,Tajuru Snarecaster,G2
1 - Common,Territorial Scythecat,G2
1 - Common,Thriving Rhino,G2
1 - Common,Thwart the Enemy,G2
1 - Common,Tishana's Wayfinder,G2
1 - Common,Trufflesnout,G2
1 - Common,Vivien's Crocodile,G2
1 - Common,Vivien's Grizzly,G2
1 - Common,Wary Okapi,G2
1 - Common,Wildsize,G2
1 - Common,Wildwood Patrol,G2
1 - Common,Yavima Sapherd,G2
1 - Common,Ambassador Oak,G3
1 - Common,Axebane Beast,G3
1 - Common,Baloth Gorger,GG2
1 - Common,Baloth Packhunter,G3
1 - Common,Bloom Hulk,G3
1 - Common,Brightwood Tracker,G3
1 - Common,Bristling Boar,G3
1 - Common,Canopy Baloth,G3
1 - Common,Centaur Nurturer,G3
1 - Common,Elderleaf Mentor,G3
1 - Common,Fierce Witchstalker,GG2
1 - Common,Gaea's Protector,G3
1 - Common,Garenbrig Carver,G3
1 - Common,Giant Spider,G3
1 - Common,Grazing Whiptail,GG2
1 - Common,Hunter's Edge,G3
1 - Common,Hunt the Weak,G3
1 - Common,Inspire Awe,G3
1 - Common,Jadecraft Artisan,G3
1 - Common,Jade Guardian,G3
1 - Common,Joraga Visionary,G3
1 - Common,Knight of the Stampede,G3
1 - Common,Lys Alana Huntmaster,GG2
1 - Common,Migratory Greathorn,G3
1 - Common,Nissa's Zendikon,G3
1 - Common,Nylea's Huntmaster,G3
1 - Common,Oasis Ritualist,G3
1 - Common,Ornery Dilophosaur,G3
1 - Common,Outmuscle,G3
1 - Common,Peema Outrider,G3
1 - Common,Prized Unicorn,G3
1 - Common,Professor of Zoomancy,G3
1 - Common,Quarry Hauler,G3
1 - Common,Rumbling Baloth,GG2
1 - Common,Sabertooth Mauler,G3
1 - Common,Sarulf's Packmate,G3
1 - Common,Struggle for Skemfar,G3
1 - Common,Tall as a Beanstalk,G3
1 - Common,Thicket Crasher,G3
1 - Common,Voracious Typhon,GG2
1 - Common,Wildheart Invoker,GG2
1 - Common,Wild Ceratok,G3
1 - Common,Wild Wanderer,G3
1 - Common,Bitterbow Sharpshooters,G4
1 - Common,Flycatcher Giraffid,G4
1 - Common,Garenbrig Paladin,G4
1 - Common,Garruk's Gorehorn,G4
1 - Common,Gnarled Sage,GG3
1 - Common,Grizzled Outrider,G4
1 - Common,Kraul Foragers,G4
1 - Common,Lifecraft Calvalry,G4
1 - Common,Mammoth Spider,G4
1 - Common,Nylea's Forerunner,G4
1 - Common,Overgrown Armasaur,GG3
1 - Common,Rampaging Rendhorn,G4
1 - Common,Rhox Oracle,G4
1 - Common,Riparian Tiger,GG3
1 - Common,Silverback Shaman,GG3
1 - Common,Spike-Tailed Ceratops,G4
1 - Common,Sporemound,GG3
1 - Common,Thornhide Wolves,G4
1 - Common,Thundering Ceratok,G4
1 - Common,Turntimber Ascetic,G4
1 - Common,Vastwood Zendikon,G4
1 - Common,Wardscale Crocodile,G4
1 - Common,Wolfkin Bond,G4
1 - Common,Colossal Dreadmaw,GG4
1 - Common,Honey Mammoth,GG4
1 - Common,Kazandu Stomper,G5
1 - Common,Leyline Invocation,G5
1 - Common,Nyxborn Colossus,GGG3
1 - Common,Primordial Wurm,GG4
1 - Common,Ravenous Lindwurm,GG4
1 - Common,Tuinvale Treefolk,G5
1 - Common,Vigispore Wurm,G5
1 - Common,Vorstclaw,GG4
1 - Common,Wolf's Quarry,GG4
1 - Common,Greater Sandwurm,GG5
1 - Common,Krosan Tusker,GG5
1 - Common,Siege Wurm,GG5
1 - Common,Wrecking Beast,GG5
1 - Common,Ancient Brontodon,GG6
1 - Common,Lawmage's Binding,WB1
1 - Common,Senate Griffin,(WB)(WB)2
1 - Common,Sphinx's Insight,WB2
1 - Common,Azorius Knight-Arbiter,WB3
1 - Common,Final Payment,WK
1 - Common,Imperious Oligarch,WK
1 - Common,Inkling Summoning,(WK)(WK)1
1 - Common,Silverquill Pledgemage,(WK)(WK)1
1 - Common,Vizkopa Vampire,(WK)2
1 - Common,Exhilarating Elocution,WK2
1 - Common,Spiteful Squad,WK2
1 - Common,Grasping Thrull,WK2
1 - Common,Owlin Shieldmage,WK3
1 - Common,Rise of Extus,(WK)(WK)4
1 - Common,Darkblade Agent,BK1
1 - Common,Notion Rain,BK1
1 - Common,Whisper Agent,(BK)(BK)1
1 - Common,Artful Takedown,BK2
1 - Common,Goblin Electromancer,BR
1 - Common,Prismari Pledgemage,(BR)(BR)
1 - Common,Teach by Example,(BR)(BR)
1 - Common,Piston-Fist Cyclops,(BR)(BR)1
1 - Common,Sonic Assault,BR1
1 - Common,Spectacle Mage,BR1
1 - Common,Elemental Summoning,(BR)(BR)3
1 - Common,Hypothesizzle,BR3
1 - Common,Oggyar Battle-Seer,BR3
1 - Common,Elemental Masterpiece,BR5
1 - Common,Footlight Fiend,(KR)
1 - Common,Auger Spree,KR1
1 - Common,Rakdos Roustabout,KR1
1 - Common,Rafter Demon,KR2
1 - Common,Get the Point,KR3
1 - Common,Cram Session,(KG)1
1 - Common,Grisly Salvage,KG
1 - Common,Infuse with Vitality,KG
1 - Common,Blood Researcher,KG1
1 - Common,Erstwhile Trooper,KG1
1 - Common,Pest Summoning,(KG)(KG)1
1 - Common,Pitiless Gorgon,(KG)(KG)1
1 - Common,Moldering Karok,KG2
1 - Common,Rhizome Lurcher,KG2
1 - Common,Undercity Uprising,KG2
1 - Common,Witherbloom Pledgemage,(KG)(KG)3
1 - Common,Rubblebelt Runner,RG1
1 - Common,Rubble Slinger,(RG)2
1 - Common,Savage Smash,RG1
1 - Common,Frenzied Arynx,RG2
1 - Common,Make Your Mark,(WR)
1 - Common,Fresh-Faced Recruit,(WR)1
1 - Common,Thrilling Discovery,WR
1 - Common,Lorehold Pledgemage,(WR)(WR)1
1 - Common,Skyknight Legionnaire,WR1
1 - Common,Spirit Summoning,(WR)(WR)1
1 - Common,Stonebound Mentor,WR1
1 - Common,Hammer Dropper,WR2
1 - Common,Garrison Sergeant,WR3
1 - Common,Relic Sloth,WR3
1 - Common,Vernadi Shieldmate,(WG)1
1 - Common,Centaur Peacemaker,WG1
1 - Common,Sumala Woodshaper,WG2
1 - Common,Rosemane Centaur,WG3
1 - Common,Applied Biomancy,BG
1 - Common,Growth Spiral,BG
1 - Common,Needlethorn Drake,BG
1 - Common,Square Up,(BG)1
1 - Common,Aeromunculus,BG1
1 - Common,Biomathematician,BG1
1 - Common,Quandrix Pledgemage,(BG)(BG)1
1 - Common,Eureka Moment,BG2
1 - Common,Scuttlegator,(BG)(BG)4
1 - Common,Fractal Summoning,(BG)(BG)X
1 - Common,Aether Spellbomb,1
1 - Common,Bloodtallow Candle,1
1 - Common,Bonesplitter,1
1 - Common,Bronze Sword,1
1 - Common,Chromatic Sphere,1
1 - Common,Cliffhaven Kitesail,1
1 - Common,Excavated Wall,1
1 - Common,Explosive Apparatus,1
1 - Common,Gingerbrute,1
1 - Common,Inventor's Goggles,1
1 - Common,Lightning-Core Excavator,1
1 - Common,Locthwain Gargoyle,1
1 - Common,Navigator's Compass,1
1 - Common,Prying Blade,1
1 - Common,Relic of Progenitus,1
1 - Common,Renegade Map,1
1 - Common,Scalding Cauldron,1
1 - Common,Scroll of Avacyn,1
1 - Common,Short Sword,1
1 - Common,Silent Dart,1
1 - Common,Sparring Construct,1
1 - Common,Springjaw Trap,1
1 - Common,Terrarion,1
1 - Common,Traveler's Amulet,1
1 - Common,Universal Solvent,1
1 - Common,Utility Knife,1
1 - Common,Arcane Signet,2
1 - Common,Campus Guide,2
1 - Common,Cobbled Wings,2
1 - Common,Cogworker's Puzzleknot,2
1 - Common,Consulate Skygate,2
1 - Common,Crashing Drawbridge,2
1 - Common,Eager Construct,2
1 - Common,Field Creeper,2
1 - Common,Fireforger's Puzzleknot,2
1 - Common,Funeral Longboat,2
1 - Common,Gleaming Barrier,2
1 - Common,Golden Egg,2
1 - Common,Golvein Pick,2
1 - Common,Guild Globe,2
1 - Common,Heart-Piercer Bow,2
1 - Common,Ichor Wellspring,2
1 - Common,Implement of Malice,2
1 - Common,Jousting Dummy,2
1 - Common,Jousting Lance,2
1 - Common,Marauder's Axe,2
1 - Common,Mind Stone,2
1 - Common,Myr Sire,2
1 - Common,Narnam Cobra,2
1 - Common,Pendulum of Patterns,2
1 - Common,Perilous Myr,2
1 - Common,Prismite,2
1 - Common,Prophetic Prism,2
1 - Common,Raven Wings,2
1 - Common,Runed Servitor,2
1 - Common,Sky Skiff,2
1 - Common,Sleeper Dart,2
1 - Common,Spare Supplies,2
1 - Common,Stonework Packbeast,2
1 - Common,Vial of Dragonfire,2
1 - Common,Voltaic Servant,2
1 - Common,Wall of Forgotten Pharaohs,2
1 - Common,Wings of Hubris,2
1 - Common,Woodweaver's Puzzleknot,2
1 - Common,Aesthir Glider,3
1 - Common,Alloy Myr,3
1 - Common,Altar of the Pantheon,3
1 - Common,Azorius Locket,3
1 - Common,Boros Locket,3
1 - Common,Consulate Turret,3
1 - Common,Dimir Locket,3
1 - Common,Golgari Locket,3
1 - Common,Gruul Locket,3
1 - Common,Henge Walker,3
1 - Common,Hierophant's Chalice,3
1 - Common,Implement of Examination,3
1 - Common,Iron Bully,3
1 - Common,Izzet Locket,3
1 - Common,Letter of Acceptance,3
1 - Common,Manalith,3
1 - Common,Mana Geode,3
1 - Common,Mobile Garrison,3
1 - Common,Orazca Relic,3
1 - Common,Orzhov Locket,3
1 - Common,Pirate's Cutlass,3
1 - Common,Powerstone Shard,3
1 - Common,Prakhata Pillar-Bug,3
1 - Common,Raider's Karve,3
1 - Common,Rakdos Locket,3
1 - Common,Scorn Effigy,3
1 - Common,Selesnya Locket,3
1 - Common,Simic Locket,3
1 - Common,Skittering Surveyor,3
1 - Common,Skyclave Sentinel,3
1 - Common,Skyscanner,3
1 - Common,Strider Harness,3
1 - Common,Thaumaturge's Familiar,3
1 - Common,Weldfast Monitor,3
1 - Common,Workshop Assistant,3
1 - Common,Ancestral Statue,4
1 - Common,Anvilwrought Raptor,4
1 - Common,Biblioplex Assistant,4
1 - Common,Dukhara Peafowl,4
1 - Common,Forgotten Sentinel,4
1 - Common,Gilded Sentinel,4
1 - Common,Irontread Crusher,4
1 - Common,Saheeli's Silverwing,4
1 - Common,Signpost Scarecrow,4
1 - Common,Weapon Rack,4
1 - Common,Bastion Mastodon,5
1 - Common,Gearsmith Guardian,5
1 - Common,Guardians of Koilos,5
1 - Common,Resevoir Walker,5
1 - Common,Self-Assembler,5
1 - Common,Stone Golem,5
1 - Common,Cogwork Archivist,6
1 - Common,Pardic Wanderer,6
1 - Common,Prophet of the Peak,6
1 - Common,Roving Keep,7
1 - Common,Sea Gate Colossus,7
1 - Common,Alpine Meadow,0
1 - Common,Archway Commons,0
1 - Common,Arctic Treeline,0
1 - Common,Azorius Guildgate,0
1 - Common,Barren Moor,0
1 - Common,Bloodfell Caves,0
1 - Common,Blossoming Sands,0
1 - Common,Bojuka Bog,0
1 - Common,Boros Guildgate,0
1 - Common,Cinder Barrens,0
1 - Common,Command Tower,0
1 - Common,Desert of the Fervent,0
1 - Common,Desert of the Glorified,0
1 - Common,Desert of the Indomitable,0
1 - Common,Desert of the Mindful,0
1 - Common,Desert of the True,0
1 - Common,Dimir Guildgate,0
1 - Common,Dismal Backwater,0
1 - Common,Dwarven Mine,0
1 - Common,Evolving Wilds,0
1 - Common,Forgotten Cave,0
1 - Common,Forsaken Sanctuary,0
1 - Common,Foul Orchard,0
1 - Common,Gateway Plaza,0
1 - Common,Gingerbread Cabin,0
1 - Common,Glacial Floodplain,0
1 - Common,Golgari Guildgate,0
1 - Common,Gruul Guildgate,0
1 - Common,Highland Forest,0
1 - Common,Highland Lake,0
1 - Common,Ice Tunnel,0
1 - Common,Idyllic Grange,0
1 - Common,Izzet Guildgate,0
1 - Common,Jungle Hollow,0
1 - Common,Lonely Sandbar,0
1 - Common,Lorehold Campus,0
1 - Common,Meandering River,0
1 - Common,Mystic Sanctuary,0
1 - Common,Orzhov Guildgate,0
1 - Common,Prismari Campus,0
1 - Common,Quandrix Campus,0
1 - Common,Radiant Fountain,0
1 - Common,Rakdos Guildgate,0
1 - Common,Rimewood Falls,0
1 - Common,Rugged Highlands,0
1 - Common,Rupture Spire,0
1 - Common,Scoured Barrens,0
1 - Common,Secluded Steppe,0
1 - Common,Selesnya Guildgate,0
1 - Common,Shimmerdrift Vale,0
1 - Common,Silverquill Campus,0
1 - Common,Simic Guildgate,0
1 - Common,Snowfield Sinkhole,0
1 - Common,Stone Quarry,0
1 - Common,Submerged Boneyard,0
1 - Common,Sulfurous Mire,0
1 - Common,Sunscorched Desert,0
1 - Common,Swiftwater Cliffs,0
1 - Common,Terramorphic Expanse,0
1 - Common,Thornwood Falls,0
1 - Common,Thriving Bluff,0
1 - Common,Thriving Grove,0
1 - Common,Thriving Heath,0
1 - Common,Thriving Isle,0
1 - Common,Thriving Moor,0
1 - Common,Timber Gorge,0
1 - Common,Tranquil Cove,0
1 - Common,Tranquil Expanse,0
1 - Common,Tranquil Thicket,0
1 - Common,Unknown Shores,0
1 - Common,Volatile Fjord,0
1 - Common,Wind-Scarred Crag,0
1 - Common,Witch's Cottage,0
1 - Common,Witherbloom Campus,0
1 - Common,Woodland Chasm,0
1 - Common,Woodland Stream,0
1 - Common,Mysterious Egg,1
1 - Common,Environmental Sciences,2
1 - Common,Expanded Anatomy,2
1 - Common,Farfinder,3
1 - Common,Introduction to Prophecy,3
1 - Common,Adaptive Shimmerer,3
1 - Common,Introduction to Annihilation,5